Catherine,Fri Jan 17 20:05:35 +0000 2020,@jamestanton Three 5*10*3 unit blocks can be assembled as a 15*10*3 block with SA=V=450 (numerically).Similarly th‚Ä¶ https://t.co/tajs66AHQn,Australia,Adelaide,18,185,0,3517,False,289,False,http://pbs.twimg.com/profile_images/682040231793590276/P4aOyk_b_normal.jpg,
Joanna Moran,Fri Jan 17 20:05:37 +0000 2020,And your no.1 movie of the century (so far!) is..... Mad Max: Fury Road. Director George Miller‚Äôs original steering‚Ä¶ https://t.co/hIIUlsQLOG,Australia,Sydney,304,552,24,7004,False,5412,False,http://pbs.twimg.com/profile_images/509708916603645952/A5o6D4B__normal.jpeg,
AussieDebPeace,Fri Jan 17 20:05:39 +0000 2020,@PRU_Warrior @LaurelBlu @Samiknowsbest1 @RadarResist @RileyPatty @2020_DEMS_WIN @nadeema @IamMultiversal‚Ä¶ https://t.co/4we7s2cgpF,Australia,Central Coast,28943,24216,12,70234,False,28510,False,http://pbs.twimg.com/profile_images/1215743110308712448/pYEPFIk7_normal.jpg,
theliewithin_,Fri Jan 17 20:05:42 +0000 2020,RT @JeffHannMADA: These rejects have no clue about anything... hahahaha... #vaccines #vaccinations #MMR #measles #InformedConsent #Vaccinat‚Ä¶,Australia,General,2,30,0,33,False,14,False,http://pbs.twimg.com/profile_images/1216806856250642432/vDW4Nqsb_normal.jpg,
Steve Wilkins,Fri Jan 17 20:05:43 +0000 2020,Powerful stuff,Australia,Shoal Bay,708,610,22,148,False,1617,False,http://pbs.twimg.com/profile_images/3100621317/dcfd4884ceac6f37579319e4a9392f41_normal.jpeg,
crisvow279,Fri Jan 17 20:05:45 +0000 2020,RT @Chena_Punim: Listen guys you can‚Äôt get the flu from the flu shot. Only ‚Äúflu-like illness.‚Äù You can‚Äôt get the measles from the MMR onl‚Ä¶,Australia,General,42,86,0,564,False,737,False,http://pbs.twimg.com/profile_images/1138880497701072897/oWdYS9jO_normal.jpg,
Paul Matheson,Fri Jan 17 20:05:47 +0000 2020,@newscomauHQ Does anyone even still watch the olympics anymore? Give country town some water instead. I‚Äôm with her.‚Ä¶ https://t.co/1dvKeAHtp3,Australia,Cairns,76,46,0,855,False,381,False,http://pbs.twimg.com/profile_images/860008361797877760/SekHSVrF_normal.jpg,
(((Liz Ditz))),Fri Jan 17 20:05:55 +0000 2020,RT @aetiology: @ArcticTidalSurg @doritmi Not at all. I agree they're not as effective in older individuals. That's hardly a surprise and I'‚Ä¶,Australia,General,8958,9242,769,111709,False,525503,False,http://pbs.twimg.com/profile_images/884125458173804544/iQFLVlLE_normal.jpg,
Robertjohnevans,Fri Jan 17 20:05:58 +0000 2020,@rollsroses1 So true,Australia,Sydney,55,771,0,2026,False,1854,False,http://pbs.twimg.com/profile_images/1207069600409513986/hVWRyBVA_normal.jpg,
(((Liz Ditz))),Fri Jan 17 20:06:02 +0000 2020,RT @aetiology: Millennials y'all need to do some work with your peers. https://t.co/nclWIvVK8j,Australia,General,8958,9242,769,111709,False,525504,False,http://pbs.twimg.com/profile_images/884125458173804544/iQFLVlLE_normal.jpg,
Zach King,Fri Jan 17 20:06:06 +0000 2020,RT @GaryPoleman: i don‚Äôt know who this ‚Äú flu shot ‚Äú nigga is but free him https://t.co/n1Yo8tKnPq,Australia,General,123,111,0,19458,False,7641,False,http://pbs.twimg.com/profile_images/1208782580759310339/-L8foqV4_normal.jpg,
(((Liz Ditz))),Fri Jan 17 20:06:06 +0000 2020,RT @aetiology: @ArcticTidalSurg @doritmi The flu shot is a killed vaccine and cannot make you ill. It does take about 2 weeks for immunity‚Ä¶,Australia,General,8958,9242,769,111709,False,525505,False,http://pbs.twimg.com/profile_images/884125458173804544/iQFLVlLE_normal.jpg,
"That Woman" Noely ‚ö°Ô∏èüèê,Fri Jan 17 20:06:09 +0000 2020,@Perorationer @irenenog @AnnastaciaMP I try not to either only for work is sad sad stuff. When people whine about‚Ä¶ https://t.co/1kHcNuw2Mt,Australia,Sunshine Coast,17709,9440,272,151625,False,496024,False,http://pbs.twimg.com/profile_images/945741987423985664/suHg8jK9_normal.jpg,
Toby‚Äôs Most Excellent Hooman ü§®‚òïÔ∏èüé∂üìö‚öæÔ∏èüèí‚öΩÔ∏è,Fri Jan 17 20:06:09 +0000 2020,RT @larsendarren: Having had influenza (H1N1) myself before a vaccine was available and never having been so sick ever in my life I will‚Ä¶,Australia,General,3761,3701,20,20037,False,12640,False,http://pbs.twimg.com/profile_images/1083188615973265408/dlOYXFUR_normal.jpg,
WGNO,Fri Jan 17 20:06:13 +0000 2020,An Alamance County woman is making it her mission to warn others to get the flu shot.‚Äã https://t.co/c0fE72BnGQ,Australia,General,39643,662,818,677,True,84311,False,http://pbs.twimg.com/profile_images/673912104823480320/w23i26lV_normal.jpg,
(((Liz Ditz))),Fri Jan 17 20:06:13 +0000 2020,RT @ArcticTidalSurg: @aetiology @doritmi Tara how do you stop the flu in people older than 55 when the drug companies that make the flu sh‚Ä¶,Australia,General,8958,9242,769,111709,False,525506,False,http://pbs.twimg.com/profile_images/884125458173804544/iQFLVlLE_normal.jpg,
Steven üá®üá¥,Fri Jan 17 20:06:22 +0000 2020,RT @GaryPoleman: i don‚Äôt know who this ‚Äú flu shot ‚Äú nigga is but free him https://t.co/n1Yo8tKnPq,Australia,General,145,166,0,3394,False,6470,False,http://pbs.twimg.com/profile_images/1161606647376162817/TM4ANENt_normal.jpg,
Ed-C137,Fri Jan 17 20:06:25 +0000 2020,RT @xsqoof: I don‚Äôt know who this ‚Äúflu shots‚Äú mf is but free him https://t.co/qbgaiCaB3O,Australia,General,912,554,23,9381,False,33669,False,http://pbs.twimg.com/profile_images/1159009207821242368/YGsRClLS_normal.jpg,
Cath Keay,Fri Jan 17 20:06:26 +0000 2020,RT @SWLincs_NHS: It's not too late to get the free flu vaccine. If you have a child aged 2-3 speak to your pharmacist today #HelpUsHelpYou‚Ä¶,Australia,General,502,1139,18,9193,False,4866,False,http://pbs.twimg.com/profile_images/877967384778354688/ArvsB2cW_normal.jpg,
Echeverry E,Fri Jan 17 20:06:27 +0000 2020,RT @ajitjohnson_n: Injection of seasonal flu vaccine into tumors generates systemic immune responses and serves as an immunotherapy for can‚Ä¶,Australia,General,152,243,55,9717,False,18467,False,http://pbs.twimg.com/profile_images/1202229787101663233/6JTO6Zw2_normal.jpg,
